auc,ap,spw,best_iter,val_auc,n_features,n_top_features
0.9999945727300309,0.9999932203114613,1.378297956754612,42,0.9999972601238424,1971,1971
