barcode,n_genes_by_counts,pct_counts_mt,total_counts,min_genes_threshold,max_pct_mt_threshold,min_cells_threshold
GSM8253792_AAAGAACGTACGTGTT-1,2189,11.137570983696648,5459,500,10.0,10
GSM8253792_AAAGGTAAGACTACGG-1,619,16.964285714285715,1008,500,10.0,10
GSM8253792_AACAAAGGTGTTCATG-1,2979,10.217270194986073,8975,500,10.0,10
GSM8253792_AACACACTCGTTTACT-1,536,17.296389588581025,1191,500,10.0,10
GSM8253792_AACGAAAGTCAATGGG-1,2351,11.274976213130353,6306,500,10.0,10
GSM8253792_AAGATAGTCGAACCTA-1,572,37.689133425034385,1454,500,10.0,10
GSM8253792_AAGCATCAGGTATTGA-1,704,12.43432574430823,1142,500,10.0,10
GSM8253792_AAGCCATCAGATCATC-1,275,23.741007194244602,556,500,10.0,10
GSM8253792_AAGTACCCATACGCAT-1,1062,10.99391480730223,2465,500,10.0,10
GSM8253792_ACAGGGATCATGGAGG-1,716,39.27916921197312,1637,500,10.0,10
