barcode,n_genes_by_counts,pct_counts_mt,total_counts,min_genes_threshold,max_pct_mt_threshold,min_cells_threshold
GSM8253792_AACCACACATTAGGCT-1,479,6.639566395663957,738,500,10.0,10
GSM8253792_AAGAACAAGCCTAACT-1,95,0.13127666557269443,3047,500,10.0,10
GSM8253792_AAGCCATCAGATCATC-1,275,23.741007194244602,556,500,10.0,10
GSM8253792_AATGGCTCAGCTATAC-1,451,1.3679890560875512,731,500,10.0,10
GSM8253792_ACACAGTAGAGCATCG-1,372,5.710102489019034,683,500,10.0,10
GSM8253792_ACGATGTGTACGATCT-1,429,35.09561304836895,889,500,10.0,10
GSM8253792_ACGCACGCACCTGATA-1,382,0.3048780487804878,656,500,10.0,10
GSM8253792_ACGGGTCAGTTGTAAG-1,391,1.653944020356234,786,500,10.0,10
GSM8253792_ACGTAACGTCACCGCA-1,327,16.861826697892273,854,500,10.0,10
GSM8253792_AGACAAACATTGCTGA-1,409,18.057455540355676,731,500,10.0,10
